,name,price
0,"불스원 레인OK 스피드 발수코팅제, 380ml, 1개","6,050"
1,"오공 간편 방수제 스프레이 투명계열, 1개","6,930"
2,SWCHEM 방수 코팅제 1L 욕실 옥상 방수액 방수제 페인트 스프레이,"11,500"
3,"불스원 레인오케이 이지그립 발수코팅제, 1개, 80ml","6,590"
4,"캉가루 아베오나 방수 스프레이, 1개","8,400"
5,"불스원 퍼스트 클래스 크리스탈 코트 셀프 유리광택 코팅제, 300ml, 1개","17,900"
6,"리빙굿 의류 방수 코팅제 200ml, 2개입","5,860"
7,"디에이치카 올인원 오토글라스 차량용 흠집제거제 500ml + 다이아코트 차량용 표면코팅제 500ml + 극세사 타올 2p 세트, 1세트","20,200"
8,SWCHEM 섬유 발수 코팅제 신발 의류 고어텍스 방수 스프레이,"6,500"
9,"리빙굿 의류 방수 코팅제, 투명, 200ml","4,900"
10,"3M 유리 발수 코팅제 PN10324, 1개, 390ml","6,060"
11,"소프트99 불소피막 유리 발수 코팅제 G-19, 70ml, 1개","21,000"
12,"글로스브로 딥블랙 타이어 코팅제, 500ml, 1개","11,250"
13,"소프트99 글라코 미러코트 제로 발수 코팅제 G-65, 32ml, 1개","12,380"
14,"[이누데코]포리왁스-룸(1리터)-PVC바닥재코팅왁스/장판왁스/바닥왁스/장판코팅제/바닥코팅제, 단품","5,000"
15,"소프트99 글라코 유리 발수코팅제 G-4, 75ml, 1개","10,170"
16,"큐피온 차량용 QC1 티타늄코팅제, 300ml, 1개","32,250"
17,"글로스브로 레인쉴드 유리 유지보수 발수 코팅 세정제 차량용, 500ml, 1개","7,330"
18,"린레이 반려동물 마루코팅제 500ml, 1개","17,020"
19,"린레이 마루코팅제, 1L","27,810"
20,"모트라인 비사이로막가 발수 코팅제, 500ml, 1개","14,600"
21,"더클래스 하이브리드코트 유리막코팅제, 500ml, 1개","34,390"
22,"프로텍 엔진코팅제 500ml, 1개","15,140"
23,"3M 다용도 방수 코팅제, 혼합 색상, 550ml","10,050"
24,"줄눈닷컴 타일줄눈코팅제 바닥용 150g 화이트계열, 1개","8,270"
25,"줄눈닷컴 시공이 간편한 타일줄눈코팅제 실버펄 75g, 1개","7,710"
26,프라이드줄눈 셀프줄눈코팅제 바닥용 은펄,"8,220"
27,"줄눈닷컴 타일 줄눈 코팅제 바닥용 화이트 진주펄 150g, 1개","14,270"
28,"셀프줄눈마켓 바닥용 타일 줄눈 코팅제 실버펄 100g, 1세트","8,500"
29,"린레이 논브라이트 마루코팅제 500ml, 1개","27,810"
30,"줄눈닷컴 타일줄눈코팅제 바닥용 골드펄 150g, 1개","10,270"
31,"더클래스 하이브리드 코트 유리막 코팅제, 450ml, 1개","36,000"
32,"디오페인트 수성바니쉬 코팅제 무광 500ml, 1개","6,910"
33,"훠링 유리발수코팅+세정제, 300ml, 2개","6,460"
34,"3M 3M방수코팅제 방수제 방수액 옥상 욕실 외벽 방수재 1리터+붓, 투명","16,500"
35,SWCHEM 방수 스프레이 360g 욕실 옥상 방수액 방수제 페인트,"6,200"
36,3M 방수코팅제/방수코팅스프레이/방수코팅스프레이/방수스프레이/방수코팅제/뿌리는방수코팅제/뿌,"5,900"
37,"GT 이지스파클 유리 발수 코팅제 250ml + 유리막 발수 코팅제 250ml, 1세트","14,220"
38,"플렉싱 노크래치 자동차 유리막코팅제 200ml + 극세사 버핑타월, 1세트","39,800"
39,"3M코팅제 일신코팅제 도색제 착색제 녹방지 도금제, 일신 블랙코트(흑색착색제)","5,000"
40,"기온 Q2M 웻 코트 스프레이식 발수코팅제, 500ml, 1개","16,000"
41,"타일줄눈 전용 방수제 125g, 1개","14,200"
42,3M 방수코팅제 MP131 1L + 붓,"13,500"
43,"줄눈닷컴 셀프 집 꾸미기 하프HaRP 줄눈코팅세트 벽면용, 실버, 80g","17,650"
44,"줄눈닷컴 타일 줄눈 코팅제 바닥용 실버펄, 1개","13,450"
45,"이코디 곰팡이방지 방수테이프 블루, 1개","4,700"
46,프라이드줄눈 셀프줄눈코팅제 바닥용 은홀로그램,"9,030"
47,"큐피온 QC2 세라믹 코팅제, 170ml, 1개","50,250"
48,러스티노 주방용 코팅제 30ml,"12,500"
49,크리스틸 상판코팅제 인조대리석 나노코팅,"65,000"
50,"조이라이프 FRP수지 SET, 1kg, 1set","11,780"
51,"매직프로 미끄럼방지 코팅제 200g, 1개","19,900"
52,러스티노 원목 주방 코팅제 싱크대상판코팅,"38,000"
53,나노코팅 글라스엠 욕조용코팅제,"26,000"
54,"일신 서스코트 L-316 스테인레스 스틸 코팅제 420ml/코팅제/착색제/윤활제/방청제/녹, 420ml","5,600"
55,러스티노 주방싱크대상판 대리석코팅제,"38,000"
56,"VIEW OK [선착순 1+3 EVENT] 욕실 코팅제 풀패키지 + 3개, 1개","49,800"
57,"조이라이프 FRP수지 SET, 3kg, 1set","28,040"
58,러스티노 싱크대물때 기름때제거 싱크대상판코팅제 대리석용,"38,000"
59,"디오페인트 수성바니쉬 투명 상단 코팅제 반광, 1개","10,580"
60,"3M 다용도 방수 코팅제 MP131, 1L","11,000"
61,"줄눈닷컴 시공이 간편한 타일줄눈코팅제 바닥용 화이트 75g, 1개","7,710"
62,"캉가루 아웃도어 방수코팅제 120ml 발수 오염방지, 캉가루방수코팅제","6,000"
63,일신 차량 하체 보호 언더코팅제 IS-7310 스프레이,"2,700"
64,"스탑엔고 쉽고 확실한 틈새 방수코팅제 다용도 표면 방수고무코팅 방수제, 반투명 고무","28,900"
65,"레지나샵 레지나맥스상판코팅제세트-셀프싱크대상판코팅, 100set","60,000"
66,"줄눈닷컴 시공이 간편한 타일줄눈코팅제 바닥용 골드펄 75g, 1개","7,710"
67,"X-1R 엔진코팅제, 240ml, 1개","27,100"
68,"리스토어플러스 가니쉬 자동차 복원 & 코팅제 R-604, 50ml, 1개","15,900"
69,"셀프줄눈마켓 바닥용 타일 줄눈 코팅제 화이트실버 100g, 1세트","9,500"
70,"레지나샵 레지나맥스상판코팅제세트-셀프싱크대상판코팅, 50set","35,000"
71,"몰드제로 곰팡이방지 코팅제, 500ml, 1개","10,480"
72,싱크대상판코팅 인조대리석용,"37,000"
73,"셀프줄눈마켓 벽면용 셀프 줄눈 코팅제 실버펄 100g, 1세트","11,500"
74,"불스원 레인OK 스피드 사이드미러용 코팅제, 50ml, 1개","5,900"
75,"줄눈닷컴 셀프 집 꾸미기 하프HaRP 줄눈코팅세트 벽면용, 펀브라운, 80g","20,000"
76,"프라이드줄눈 셀프줄눈코팅제 바닥용 금펄, 1개","7,310"
77,불스원 퍼스트클래스 크리스탈 코트 (500ml),"15,400"
78,"셀프줄눈마켓 벽면용 셀프 줄눈 코팅제 화이트실버 100g, 1세트","12,500"
79,"조이라이프 FRP수지 SET, 250g, 1set","7,700"
80,"줄눈닷컴 셀프 집 꾸미기 하프HaRP 줄눈코팅세트 벽면용, 카멜브라운, 80g","20,000"
81,"매직프로 안티몰드 프리미엄 항 곰팡이 방지 코팅제, 500ml, 1개","12,100"
82,"더클래스 하이브리드 코트 유리막 코팅제, 300ml, 1개","20,800"
83,"줄눈닷컴 타일 줄눈 코팅제 바닥용 초코브라운, 1개","9,010"
84,"줄눈닷컴 셀프 집 꾸미기 하프HaRP 줄눈코팅세트 바닥용, 스트로베리핑크, 70g","10,400"
85,"줄눈닷컴 셀프 집 꾸미기 하프HaRP 줄눈코팅세트 벽면용, 스위트피치, 80g","20,000"
86,"앤티스 주방틈새 방수 곰팡이 방지 테이프 그레이, 4개입","10,550"
87,"블루산업 만능 방수테이프, 2개입","7,450"
88,"줄눈닷컴 셀프 집 꾸미기 하프HaRP 줄눈코팅세트 벽면용, 블루실버, 80g","20,000"
89,"줄눈닷컴 셀프 집 꾸미기 하프HaRP 줄눈코팅세트 벽면용, 크리미화이트, 80g","20,000"
90,"줄눈닷컴 셀프 집 꾸미기 하프HaRP 줄눈코팅세트 벽면용, 딥블루, 80g","20,000"
91,"줄눈닷컴 셀프 집 꾸미기 하프HaRP 줄눈코팅세트 벽면용, 번트브라운, 80g","20,000"
92,"줄눈닷컴 셀프 집 꾸미기 하프HaRP 줄눈코팅세트 벽면용, 에머랄드그린, 80g","20,000"
93,"줄눈닷컴 셀프 집 꾸미기 하프HaRP 줄눈코팅세트 벽면용, 스카이블루, 80g","20,000"
94,"줄눈닷컴 셀프 집 꾸미기 하프HaRP 줄눈코팅세트 벽면용, 카키실버, 80g","20,000"
95,"줄눈닷컴 셀프 집 꾸미기 하프HaRP 줄눈코팅세트 벽면용, 화이트스킨, 80g","17,650"
96,"줄눈닷컴 셀프 집 꾸미기 하프HaRP 줄눈코팅세트 벽면용, 아몬드브라운, 80g","17,650"
97,"줄눈닷컴 셀프 집 꾸미기 하프HaRP 줄눈코팅세트 벽면용, 스트로베리핑크, 80g","17,650"
98,"줄눈닷컴 셀프 집 꾸미기 하프HaRP 줄눈코팅세트 벽면용, 라벤더, 80g","17,650"
99,"줄눈닷컴 셀프 집 꾸미기 하프HaRP 줄눈코팅세트 바닥용, 올리브그린, 135g","14,500"
100,"줄눈닷컴 셀프 집 꾸미기 하프HaRP 줄눈코팅세트 바닥용, 화이트스킨, 70g","13,000"
101,3M 방수제 방수액 옥상 욕실 외벽 방수코팅제 360g 방수스프레이,"9,500"
102,3M 방수코팅제 MP131 방수제 스프레이방수코팅제 360g,"7,000"
103,디에이치카 자동차광택제자동차코팅제기스제거제흠집제거제유리막코팅제발수코팅제,"21,800"
104,"줄눈닷컴 셀프 집 꾸미기 하프HaRP 줄눈코팅세트 바닥용, 번트브라운, 70g","13,000"
105,"줄눈닷컴 셀프 집 꾸미기 하프HaRP 줄눈코팅세트 바닥용, 펀브라운, 70g","13,000"
106,"줄눈닷컴 셀프 집 꾸미기 하프HaRP 줄눈코팅세트 바닥용, 카키실버, 70g","13,000"
107,"줄눈닷컴 셀프 집 꾸미기 하프HaRP 줄눈코팅세트 바닥용, 아몬드브라운, 135g","14,500"
108,"줄눈닷컴 셀프 집 꾸미기 하프HaRP 줄눈코팅세트 바닥용, 라벤더, 135g","14,500"
109,"줄눈닷컴 셀프 집 꾸미기 하프HaRP 줄눈코팅세트 바닥용, 스위트피치, 70g","13,000"
110,"줄눈닷컴 셀프 집 꾸미기 하프HaRP 줄눈코팅세트 바닥용, 아몬드브라운, 70g","13,000"
111,"줄눈닷컴 셀프 집 꾸미기 하프HaRP 줄눈코팅세트 바닥용, 에머랄드그린, 70g","13,000"
112,"줄눈닷컴 셀프 집 꾸미기 하프HaRP 줄눈코팅세트 바닥용, 카멜브라운, 70g","13,000"
113,"줄눈닷컴 셀프 집 꾸미기 하프HaRP 줄눈코팅세트 바닥용, 라벤더, 70g","13,000"
114,"줄눈닷컴 셀프 집 꾸미기 하프HaRP 줄눈코팅세트 바닥용, 딥블루, 70g","13,000"
115,"줄눈닷컴 셀프 집 꾸미기 하프HaRP 줄눈코팅세트 바닥용, 블루실버, 70g","12,750"
116,"줄눈닷컴 셀프 집 꾸미기 하프HaRP 줄눈코팅세트 바닥용, 허니골드, 70g","12,750"
117,"줄눈닷컴 셀프 집 꾸미기 하프HaRP 줄눈코팅세트 바닥용, 실버, 70g","12,750"
118,"줄눈닷컴 셀프 집 꾸미기 하프HaRP 줄눈코팅세트 바닥용, 스카이블루, 70g","12,750"
119,"줄눈닷컴 셀프 집 꾸미기 하프HaRP 줄눈코팅세트 바닥용, 차콜실버, 70g","12,750"
120,"큐피온 차량용 QC2 세라믹코팅제, 170ml, 1개","53,320"
121,"그랑저 의류 발수제 300ml AG-GRF74, 1개","11,950"
122,"제일케미칼 유리발수 코팅제 RAIN NO, 1개, 380ml","5,730"
123,"앤티스 주방용품 PVC 방수 곰팡이 테이프 한줄 블루, 4개입","11,400"
124,나노피아 나노글라스 나노코팅 홈케어 풀패키지 셀프욕실코팅-나노피아,"121,000"
125,일신 발수 절연용 속건성 실리콘 코팅제 SI-COAT/PCB/발전기/전자기기/전자부품/실리,"8,310"
126,오공 간편 방수 스프레이 방수코팅스프레이 방수코팅스프레이 방수스프레이 방수코팅제 뿌리는방수코팅제 뿌리는코팅제 방수제 투명방수제스레이,"10,190"
127,"셀프줄눈마켓 벽면용 셀프 줄눈 코팅제 홀로그램골드 100g, 1세트","12,500"
128,"줄눈닷컴 타일줄눈코팅제 벽면용 80g 홀로그램 골드펄, 1개","15,500"
129,"줄눈닷컴 셀프 집 꾸미기 하프HaRP 줄눈코팅세트 바닥용, 블루실버, 135g","16,750"
130,"줄눈닷컴 셀프 집 꾸미기 하프HaRP 줄눈코팅세트 바닥용, 카멜브라운, 135g","16,750"
131,"줄눈닷컴 셀프 집 꾸미기 하프HaRP 줄눈코팅세트 바닥용, 번트브라운, 135g","18,000"
132,"줄눈닷컴 셀프 집 꾸미기 하프HaRP 줄눈코팅세트 바닥용, 카키실버, 135g","18,000"
133,"줄눈닷컴 셀프 집 꾸미기 하프HaRP 줄눈코팅세트 바닥용, 화이트스킨, 135g","18,000"
134,"줄눈닷컴 셀프 집 꾸미기 하프HaRP 줄눈코팅세트 바닥용, 차콜실버, 135g","16,750"
135,"줄눈닷컴 셀프 집 꾸미기 하프HaRP 줄눈코팅세트 바닥용, 크리미화이트, 135g","16,750"
136,"줄눈닷컴 셀프 집 꾸미기 하프HaRP 줄눈코팅세트 바닥용, 에머랄드그린, 135g","16,750"
137,"줄눈닷컴 셀프 집 꾸미기 하프HaRP 줄눈코팅세트 바닥용, 실버, 135g","16,750"
138,"줄눈닷컴 셀프 집 꾸미기 하프HaRP 줄눈코팅세트 바닥용, 스트로베리핑크, 135g","16,750"
139,"줄눈닷컴 셀프 집 꾸미기 하프HaRP 줄눈코팅세트 바닥용, 스카이블루, 135g","18,000"
140,"줄눈닷컴 셀프 집 꾸미기 하프HaRP 줄눈코팅세트 바닥용, 스위트피치, 135g","18,000"
141,"줄눈닷컴 셀프 집 꾸미기 하프HaRP 줄눈코팅세트 바닥용, 딥블루, 135g","18,000"
142,"이지 유리막 코팅제 자동차유리세차용품, 1개, 250ml","7,500"
143,"줄눈닷컴 셀프 집 꾸미기 하프HaRP 줄눈코팅세트 테두리용, 화이트스킨, 80g","17,650"
144,"줄눈닷컴 셀프 집 꾸미기 하프HaRP 줄눈코팅세트 테두리용, 실버 카키, 80g","20,000"
145,"줄눈닷컴 셀프 집 꾸미기 하프HaRP 줄눈코팅세트 테두리용, 아몬드브라운, 80g","20,000"
146,"줄눈닷컴 셀프 집 꾸미기 하프HaRP 줄눈코팅세트 테두리용, 번트브라운, 80g","20,000"
147,"줄눈닷컴 셀프 집 꾸미기 하프HaRP 줄눈코팅세트 테두리용, 스카이블루, 80g","20,000"
148,"줄눈닷컴 셀프 집 꾸미기 하프HaRP 줄눈코팅세트 테두리용, 에머랄드그린, 80g","20,000"
149,"줄눈닷컴 셀프 집 꾸미기 하프HaRP 줄눈코팅세트 테두리용, 라벤더, 80g","20,000"
150,"줄눈닷컴 셀프 집 꾸미기 하프HaRP 줄눈코팅세트 테두리용, 실버 블루, 80g","20,000"
151,"줄눈닷컴 셀프 집 꾸미기 하프HaRP 줄눈코팅세트 테두리용, 스위트피치, 80g","20,000"
152,"줄눈닷컴 셀프 집 꾸미기 하프HaRP 줄눈코팅세트 테두리용, 딥블루, 80g","20,000"
153,"줄눈닷컴 셀프 집 꾸미기 하프HaRP 줄눈코팅세트 테두리용, 카멜브라운, 80g","20,000"
154,[AHQ_3426832] 3M 다용도 방수코팅제 MP131 1L,"16,010"
155,JMI 레인크린 6개x 420ml 자동차 코팅제 유리세정제,"9,900"
156,"이코디 레드라인 곰팡이방지 방수테이프 핑크, 1개","4,900"
157,"글로스브로 스피드 와이프 자동차 코팅제, 500ml, 1개","11,000"
158,"고어킹 발수코팅 발수제 발수코팅제 섬유코팅제 신발코팅제 섬유탈취, 1통, 300ml","19,800"
159,"셀프줄눈마켓 벽면용 셀프 줄눈 코팅제 화이트 100g + 마스킹테이프 + 헤라, 1세트","11,500"
160,"이코디 곰팡이방지 방수테이프 블루플라워, 3개입","6,100"
161,"줄눈닷컴 셀프 집 꾸미기 하프HaRP 줄눈코팅세트 테두리용, 스트로베리핑크, 80g","16,750"
162,"줄눈닷컴 셀프 집 꾸미기 하프HaRP 줄눈코팅세트 테두리용, 올리브그린, 80g","17,650"
163,"줄눈닷컴 셀프 집 꾸미기 하프HaRP 줄눈코팅세트 테두리용, 차콜실버, 80g","16,750"
164,"줄눈닷컴 셀프 집 꾸미기 하프HaRP 줄눈코팅세트 테두리용, 크리미화이트, 80g","17,650"
165,"줄눈닷컴 셀프 집 꾸미기 하프HaRP 줄눈코팅세트 테두리용, 실버, 80g","17,650"
166,"줄눈닷컴 셀프 집 꾸미기 하프HaRP 줄눈코팅세트 테두리용, 허니골드, 80g","17,650"
167,"어바인클래스 세차 발수코팅 광택제 더스티코마, 200ml, 1개","43,450"
168,"이코디 레드라인 곰팡이방지 방수테이프 그린, 1개","4,900"
169,"이코디 곰팡이방지 방수테이프 그린플라워, 3개입","4,500"
170,방수스프레이 SRC21 고무막 완벽 방수 코팅제,"18,000"
171,"코비스 프리미엄 패키지 여름하늘 (프리미엄 케이스 포함), 스카이블루","70,200"
172,"훠링 닥터레인 유리 발수코팅, 380ml, 1개","5,830"
173,라돈제로 대리석 코팅제,"47,000"
174,"이코디 화이트라인 곰팡이방지 방수테이프 핑크, 1개","4,500"
175,"아트로마 버블레인 유리 발수 코팅제, 250ml, 1개","4,800"
176,"블루골드 유리코팅제 수퍼클리어, 슈퍼클리어","15,000"
177,"불스원 불스파워 엔진코팅제 겸용, 1개","19,800"
178,또르르발수코팅제아웃도어발수코팅제방수코팅 아웃도어의류발수코팅등산화발수등산복발수350ml 텐트발수코팅제,"30,000"
179,"원랩코트 마후코트 유리막 코팅제, 250ml, 1개","16,100"
180,예스예스 다용도 섬유 발수 코팅제 WRC-1 방수효과 등산 낚시 캠핑 골프 스키 각종레져활동,"11,280"
181,"예스예스 다용도 섬유 발수 코팅제 WRC-1/방수효과/등산/낚시/캠핑/골프/스키/각종레져활, 1개","11,190"
182,"카업 마블 윈도우 마스터 유리 발수 세정제, 400ml, 1개","6,780"
183,"글로스브로 크림코트 폼 스프레이 코팅제, 500ml, 1개","15,000"
184,한빛Rubber 고무 방수코팅제,"25,000"
185,나노피아 세정 버핑 타올,800
186,"카업부스터 마블 쉴드 마스터 자동차 유리막 코팅제, 160ml, 1개","17,510"
187,"고어킹 발수코팅 발수제 발수코팅제 섬유코팅제 신발코팅제 섬유탈취, 2통, 300ml","29,800"
188,SNEAKER 방수코팅스프레이 신발방수스프레이 방수제,"19,800"
189,스프레이타입 언더코팅제/차량하체보호 차량용언더코팅 하체코팅 부식방지 하부코팅,"2,300"
190,HOMESENSE 나노코팅 크리스틸 욕실발수코팅제,"84,500"
191,"[재미코] 초발수코팅제-본체용, 300ml","16,910"
192,"글로스브로 글로스 블랙 스프레이 타이어 코팅제, 500ml, 1개","11,250"
193,"[이누데코]포리왁스R-18.7리터(PVC바닥재코팅왁스)-장판왁스/바닥왁스/장판코팅제/바닥코팅제, 단품","48,000"
194,"아트로마 버블레인 유리 발수 코팅제, 120ml, 1개","4,720"
195,"필소굿 큐피온 QC1 티타늄코팅제, 300ml, 1개","32,250"
196,[SKK-KAKEN] 세라미 코팅제 18리터 (유광),"90,000"
197,"타이거 Tiger epk (수용성 코팅제) 프라이머 코팅겸용, 1개","100,000"
198,"셀프줄눈마켓 바닥용 타일 줄눈 코팅제 연골드 100g, 1세트","9,500"
199,"루미너스 SHINE COAT 나노입자 유리 발수 코팅제, 250ml, 1개","21,480"
200,"루틸로 워터리리플렌트 발수코팅제 100ml, 1세트","20,150"
201,러스티노 주방 싱크대 상판코팅제 타일용,"38,000"
202,러스티노 주방 싱크대 상판코팅제 플라스틱용,"38,000"
203,3M 방수코팅제 욕실타일,"12,000"
204,"불스원 레인OK 발수코팅 & 세정 2 in 1, 300ml, 1개","3,300"
205,[나노원료] 나노리무버 신상품 나노코팅제(20L X 5) 총100L,"1,800,000"
206,[나노원료] 나노스톤 신상품 나노코팅제 20L(1+1) 총 40L,"9,500,000"
207,[나노원료] 나노 태양광판넬(모듈) 나노코팅제 20L(1+1) 총 40L (신상품),"8,800,000"
208,[나노원료] 나노플라스틱 신상품 나노코팅제 20L(1+1) 총 40L,"8,800,000"
209,[나노원료] 나노우드 신상품 나노코팅제 20L(1+1) 총 40L,"7,600,000"
210,[나노원료] 나노세라믹 신상품 나노코팅제 20L(1+1) 총 40L,"8,800,000"
211,"프로스태프 키이로빈 240 초내구코팅제 A10, 70ml, 1개","18,000"
212,[나노원료] 나노메탈 신상품출시 나노코팅제 20L (1+1),"9,800,000"
213,[나노원료] 나노리무버(하드) 신상품 나노코팅제(20L X 5) 총100L,"4,400,000"
214,[나노원료] 나노상판(유광) 신상품 나노코팅제 20L,"7,200,000"
215,[나노원료] 나노글라스 신상품출시 나노코팅제 20L (1+1),"8,800,000"
216,[나노원료] 나노상판(무광) 신상품 나노코팅제 20L,"4,600,000"
217,"CCI 스마트 뷰 원 유리발수 코팅제, 75ml, 1개","18,350"
218,"셀프줄눈마켓 바닥용 타일 줄눈 코팅제 화이트실버 45g, 1세트","5,500"
219,제비스코 드림코트 반광 투명 3.5L 수용성 코팅제,"55,000"
220,"기온 Q2M 웻코트 스프레이식 발수코팅제, 1L, 1개","25,000"
221,3M 다용도 방수 코팅제 360ml,"6,000"
222,"루틸로 501 세라믹 유리막 코팅제 200ml, 1세트","88,000"
223,"3M 다용도 방수 코팅제 1L 벽 콘크리트 화장실, 1세트","22,980"
224,"303 High Tech FabricGuard 섬유발수코팅제, 473ml","28,500"
225,"셀프줄눈마켓 바닥용 타일 줄눈 코팅제 황금색 100g, 1세트","9,500"
226,러스티노 주방용 코팅제 30ml 2개,"22,500"
227,3M 방수코팅제방수코팅스프레이,"9,100"
228,러스티노 주방코팅제 100ml,"24,500"
229,"와이제이카 차량용 루스터 유리막 코팅제 400ml + 초극세사 마이크로화이버 타올, 1세트","25,150"
230,이지나노 셀프 욕실코팅 친환경 나노코팅 홈패키지,"119,000"
231,"자외선열차단코팅제10㎖11 썬팅필름 썬팅코팅, 10㎖(1+1)","24,800"
232,"나노렉스 어반 유리 발수 코팅제, 100ml, 1개","30,150"
233,NABAKEM 나바켐 PCB 코팅제 UC-100 적색 투명 420ml,"7,600"
234,"루미너스 BLACK 세라믹 나노입자 유리막 코팅제, 500ml, 1개","32,940"
235,나노케어 셀프 나노코팅 스테인레스 메탈 크롬 코팅제 수입정품 60ml,"32,000"
236,"루미너스 AQUA 세라믹 나노입자 세척 코팅제, 500ml, 1개","22,590"
237,나노케어 셀프 나노코팅 타일 코팅제 수입정품 60ml,"43,000"
238,나노케어 셀프 나노코팅 타일 코팅제 수입정품 100ml,"71,000"
239,"303 패브릭 가드 가죽 섬유 발수 코팅제, 473ml, 1개","22,980"
240,"홈앤타일 타일 줄눈 코팅제, 형광블루","7,300"
241,섬유 발수 코팅제 WRC-1 신발 방수 스프레이 360ml,"8,600"
242,라돈제로 바닥타일 코팅제,"39,000"
243,남방CNA UV-100 (디지털 사진 변색 방지제 코팅제) 420ml,"8,800"
244,"홈앤타일 타일 줄눈 코팅제, 변기테두리용 실버펄","10,900"
245,"모터업 엔진코팅제 엔진오일첨가제 기어코팅제, 1개, 01_엔진코팅제","9,900"
246,"나바켐 산업체전용 흑색착색제 블랙코트/남방/코팅제/착색제/윤활제/방청제/녹방지/흑색착색제/상온착색제/상업용코팅제, 1개","7,800"
247,"기온쿼츠 Q2 트림 코팅제, 30ml, 1개","57,000"
248,"글로스브로 듀라코트 유리막코팅제 차량용, 180ml, 1개","70,000"
249,"CCI 스마트뷰원 유리발수코팅제 75ml+도포용융패드1개, 1세트","26,000"
250,"마블 아이언맨 유리막 코팅제 50ml 세트, 1세트","700,000"
251,3M 방수 코팅제 550ml,"6,300"
252,"[나바켐]고무코팅제 K-980 420ml, 단품","10,230"
253,"셀프줄눈마켓 벽면용 셀프 줄눈 코팅제 화이트실버 100g + 마스킹테이프 + 헤라, 1세트","15,500"
254,"마페이 상도 방수코팅제 120K 10KG, 1개","60,000"
255,"글로스브로 크림코트 폼 스프레이 코팅제, 4L, 1개","90,000"
256,"루틸로 유리막 코팅제 4종 세트, 1세트","99,000"
257,"[나바켐]은색방청코팅제 New SS-COAT 909 420ml, 단품","5,390"
258,"줄눈닷컴 프라임 타일코팅제, 단품, 140ml","18,600"
259,"[나바켐]용융알루미늄도금코팅제 SS-COAT 909AL 420ml, 단품","6,270"
260,"루틸로 워터리플렌트 유리발수코팅제 100ml + 워터풀리무버 유막제거제 100ml, 1세트","35,000"
261,"마블 캡틴아메리카 유리막 코팅제 50ml 세트, 1세트","500,000"
262,"3M방수제 스프레이방수제 코팅제 곰팡이방지제, 3M 방수코팅제 스프레이형","6,500"
263,오공 간편 방수 스프레이/방수코팅스프레이/방수코팅스프레이/방수스프레이/방수코팅제/뿌리는방수코팅제/뿌리는코팅제/방수제/투명방수제스레이,"7,850"
264,남방 SS-COAT 909은색 SILVER ZINC 방청 코팅제 310g,"6,600"
265,Surluster(슈아라스타) 카 코팅제 발수 제로 프리미엄 100ml S-88,"62,400"
266,"몰드제로 곰팡이 방지 코팅제 곰팡이방지제 곰팡이 차단 코팅제, 곰팡이방지코팅제 500ml, 곰팡이방지코팅제 500ml1개","12,000"
267,"린레이 울트라 터프코트 마루 코팅제, 500ml","24,650"
268,나노케어 셀프 나노코팅 글라스 코팅제 수입정품 60ml,"51,000"
269,3M MP131 다용도 방수 코팅제 스프레이 360g 통 1L,"6,200"
270,"홈앤타일 타일 줄눈 코팅제, 코팅제 핑크","6,000"
271,"3M 방수코팅제 코팅 방수제 시공보수제, 단일 색상","9,500"
272,"[나바켐]아연도금보수용 금속방청코팅제 Z-30 420ml, 단품","7,040"
273,"홈앤타일 타일 줄눈 코팅제, 코팅제 블루","6,000"
274,"홈앤타일 타일 줄눈 코팅제, 코팅제 바이올렛","6,000"
275,V-tech 브이텍 VT-08 다용도방수코팅제 스프레이550ml,"6,000"
276,비엘 의류방수 코팅제 200ml 섬유발수제 아웃도어,"3,180"
277,휴먼텍 CW-6030J 섬유 신발 천막 텐트 발수코팅제,"7,000"
278,"셀프줄눈마켓 벽면용 셀프 줄눈 코팅제 화이트 100g, 1세트","11,500"
279,"나바켐 산업체전용 아연 징크코트 ZINCOT N-50/아연코팅스프레이/산업용코팅제/방청제/방청스프레이/아연코팅/실버징크/징크코팅/코팅제, 1개","6,440"
280,"카업부스터 유리막 코팅 플러스 유분제거제 100ml + 코팅제 100ml, 1세트","28,290"
281,"노루페인트 우레탄 옥상방수 25평형 1mm 방수/코팅제, 회색, 18L","541,490"
282,"ZEMICO 초발수 코팅제, 1개","12,000"
283,"아이큐샵 베스트라인 엔진코팅제 엔진오일첨가제 엔진첨가제, 1개, 베스트라인(237ml)","29,800"
284,"셀프줄눈마켓 벽면용 셀프 줄눈 코팅제 화이트펄 100g + 마스킹테이프 + 헤라, 1세트","15,500"
285,"[나바켐]아연말중방식 방청코팅제 N-50 420ml, 단품","4,730"
286,나노피아 세정용 리무버-나노피아,"4,000"
287,"기온쿼츠 Q2M 웻코트 유리발수코팅제, 4L, 1개","80,960"
288,"CCI 스마트뷰 유막제거패드 4매+CCI 스마트뷰원 유리발수코팅제 75ml, 1세트","37,370"
289,"CCI 스마트뷰 유막제거패드 4매+CCI 스마트뷰원 유리발수코팅제 75ml+도포용융패드 1개, 1세트","36,500"
290,"홈앤타일 타일 줄눈 코팅제, 코팅제 화이트","4,500"
291,"홈앤타일 타일 줄눈 코팅제, 추가구성-다이아몬드형 줄눈공구","4,500"
292,"홈앤타일 타일 줄눈 코팅제, 코팅제 그레이","5,000"
293,"홈앤타일 타일 줄눈 코팅제, 코팅제 민트","5,000"
294,"홈앤타일 타일 줄눈 코팅제, 코팅제 옐로우","5,000"
295,"마루코팅제 린레이 1000ml ALL 일본수입, 1000ml 1개","38,000"
296,남방cna UC-100 (일액형 폴리우레탄 절연 코팅제)색상 투명,"7,700"
297,일신 316-L 스테인레스 스틸 코팅제,"3,900"
298,"알파 바니쉬 코팅제(무광/유광), 200ml:무광(MATTE)","6,800"
299,"셀프줄눈마켓 벽면용 셀프 줄눈 코팅제 화이트펄 100g, 1세트","12,500"
300,"[나바켐]실리콘절연코팅제 S-830 420ml, 단품","12,760"
301,Calcoat[캘코트],"6,000"
302,NABAKEM 나바켐 PCB 코팅제 S-830 420ml,"11,700"
303,NABAKEM 나바켐 테프론 코팅제 TC-100 420ml,"11,800"
304,1435219050 매직앤타일/타일줄눈코팅제/욕실바닥줄눈보수/셀프시공,"9,800"
305,"두꺼비 특수타일리폼코팅제 300g 변색된타일줄눈, 1개","11,300"
306,"[일신] 방수코팅제, 1개","9,700"
307,가스코 발수제 섬유 신발 텐트 방수제 발수코팅제 120ml,"9,000"
308,"[나바켐]내열특수수지코팅제 내열 TFE COAT 420ml, 단품","12,430"
309,"셀프줄눈마켓 벽면용 셀프 줄눈 코팅제 골드펄 100g, 1세트","11,500"
310,남방CNA S-830 (실리콘 절연 코팅제) 420ml,"12,600"
311,"중외 섬유 발수 코팅제 CW-6030J 350ml/발수제/캠핑용품/등산용품/방수제/방수코팅, 350ml","8,700"
312,단지애드 실리콘 코팅제 500ml,"10,000"
313,방수코팅스프레이/방수스프레이/방수코팅제/방수제/투명방수제500ml대용량,"9,900"
314,단지애드 섬유발수코팅제500ml,"10,000"
315,"방수제 수퍼미카씰500ml/방수재 스프레이형 방수코팅제 옥상 지하방수 우레탄방수 방수페인트 테이프, 단일 색상","8,740"
316,"큐피온 QC1 티타늄코팅제 300ml/유리막/휠/발수코팅/광택/디테일링세차, QC1. 티타늄코팅제 300ml","32,300"
317,"불스원 불스원샷 7만키로+엔진코팅제 240ml, 7만키로 휘발유+엔진코팅제","28,640"
318,"[낚시장터]-[다이와] 웨어가드2 (170ml) 웨어발수 코팅제 방수스프레이 낚시복 방수제, 없음","17,000"
319,"일신 흑색착색제 상온 무광 방청제 윤활제, 1개","5,480"
320,휴미실 Humiseal 1A33 우레탄기판코팅제 326g,"9,600"
321,"ABRO 엔진 코팅제 오일 첨가제 노후 성능 향상 트리트먼트 마모 내부 연료 흡입기 유해물질 제거제 상태 복원 손상 방지, ABRO 엔진 코팅제(946ml) AL-629","19,100"
322,레지나샵 싱크볼코팅제 (선택02 제품),"20,000"
323,"레너우드코팅스 우드 바니쉬 (실내용) 투명 코팅제 500ml, 무광(10G)","17,000"
324,"9h mr fix ceramic coat 셀프 유리막코팅제광택제 유리막코팅제, 1개, 50ml","24,900"
325,싱크대상판코팅 (전문가용)-인조대리석코팅,"34,900"
326,"프라이드줄눈 셀프줄눈코팅제 벽및 변기테두리용, 화이트","9,500"
327,"일신 흑색 착색제 420ml/윤활제/방청제/녹방지/흑색착색제/상온착색제/상업용코팅제, 1개, 420ml","6,640"
328,(주)나노피코 나노피코 천연대리석 패키지(코팅제100ml+크리너100ml)싱크대식탁바닥,"29,000"
329,"홈앤타일 타일 줄눈 코팅제, 추가구성-실리콘헤라(미니)","1,400"
330,"홈앤타일 타일 줄눈 코팅제, 추가구성-백시멘트set","2,500"
331,(주)나노피코 나노피코 플라스틱 패키지(코팅제100ml+크리너100ml)욕조변기세면대,"29,000"
332,"아트조이 DIY 명화그리기 물감 2세트 + 붓 3종 x 2세트 + 코팅제 4p 오렌지 부엉이 40 x 50 cm, 혼합 색상","11,900"
333,올드빌리지 부쳐블락 오일 (나무도마전용오일),"12,000"
334,(주)나노피코 나노피코 상판세라믹 패키지(코팅제100ml+크리너100ml)욕조변기싱크대,"29,000"
335,스토너 인비져블글래스 레인 유리세정제 발수 코팅제,"7,500"
336,"다용도 고무코팅 방수제(1L) 방수제 방수코팅제 바르는방수액 옥상방수 ws, 본상품구매, 1개","27,100"
337,"그랑저 텐트 기어 레펠 방수 코팅제 500ML AG-GRF117, 1개","22,000"
338,(주)나노피코 나노피코 메탈패키지(코팅제100ml+크리너100ml)가스레인지 욕실싱크볼,"29,000"
339,"루카스 루시아 천연유리막 코팅제 유리막 코팅 관리제 코팅/광택왁스, 1개, 250ml","17,900"
340,(주)나노피코 나노피코 석재타일 패키지(코팅제100ml+크리너100ml)현관베란다 욕실,"29,000"
341,원씰 완전방수 스프레이 코팅제,"24,000"
342,"[나바켐]스테인레스코팅제 L-316 18L, 단품","111,430"
343,"3M 방수코팅제 스프레이방수코팅, 12개","78,000"
344,"[나바켐]폴리우레탄코팅제 주제 CPU-50A 17kg, 단품","124,630"
345,"[나바켐]폴리우레탄코팅제 경화제 CPU-800B 17kg, 단품","138,600"
346,"[나바켐]스테인레스코팅제 L-316 420ml 1BOX(20EA), 단품","617,540"
347,대명 인조대리석 식탁 싱크대 유리막 코팅제 글라스커버(glass cover),"50,000"
348,"대리석 상판 코팅제 MMP 250ml 대리석코팅제 코팅제 상판코팅 코팅 인조석, 단일 수량","36,940"
349,"[나바켐]은색방청코팅제 SS-COAT 909 18L, 단품","212,630"
350,"[나바켐]아크릴절연코팅제 AC-100 18L, 단품","117,370"
351,"[나바켐]폴리우레탄절연코팅제 UC-100 18L, 단품","256,630"
352,"[나바켐]PCB용폴리우레탄코팅제 주제 CPU-70A 17kg, 단품","136,400"
353,"프라이드줄눈 셀프줄눈코팅제 벽및 변기테두리용, CL파스텔연금","10,700"
354,(주)나노피코 나노피코 마루패키지(코팅제400ml+크리너400ml)강마루 거실 목재식탁,"59,000"
355,303 패브릭가드 가죽 고급섬유 발수코팅제,"26,000"
356,몬스터블러드 나노쉴드 유리발수코팅제,"15,500"
357,"반짝이 0.8 250g 수성코팅제섞어사용, 수성코팅제 유광 투명 4L","25,000"
358,"[나바켐]아연말중방식 방청코팅제 N-50 4kg, 단품","39,600"
359,"모터업 엔진코팅제 엔진오일첨가제 기어코팅제, 1개, 03_엔진+기어 코팅제 1세트","14,900"
