	name	price
0	"[셀프시공] 타일줄눈보수제 _욕실타일코팅제 밝은 욕실의 대변신, 타일선새롬이"	"10,800"
1	"플루브 줄눈셀프시공 홀로그램골드, 1set"	"9,900"
2	"플루브 줄눈셀프시공 실버, 1set"	"10,000"
3	"줄눈닷컴 시공이 간편한 타일줄눈코팅제 실버펄 75g, 1개"	"7,710"
4	"플루브 줄눈셀프시공 후크시아, 1set"	"9,900"
5	"줄눈닷컴 타일줄눈코팅제 바닥용 150g 화이트계열, 1개"	"8,270"
6	"줄눈닷컴 타일 줄눈 코팅제 바닥용 화이트 진주펄 150g, 1개"	"14,270"
7	"셀프줄눈마켓 바닥용 타일 줄눈 코팅제 실버펄 100g, 1세트"	"8,500"
8	"줄눈닷컴 타일줄눈코팅제 바닥용 골드펄 150g, 1개"	"10,270"
9	"자두나무 줄눈 보수 공구 셀프 시공 용품, 선택01) 줄눈 보수용품 1종"	"9,000"
10	"플루브 줄눈셀프시공 골드, 1set"	"10,000"
11	"[셀프시공] 타일줄눈마카_ 타일줄눈보수제 밝은 욕실을 대변신, 타일줄눈마카 1개입"	"4,300"
12	"줄눈닷컴 시공이 간편한 타일줄눈코팅제 바닥용 골드펄 75g, 1개"	"7,710"
13	"프라이드줄눈 셀프줄눈코팅제 벽및 변기테두리용, 화이트"	"9,500"
14	"셀프줄눈마켓 벽면용 셀프 줄눈 코팅제 화이트실버 100g, 1세트"	"12,500"
15	"셀프줄눈마켓 바닥용 타일 줄눈 코팅제 화이트실버 100g, 1세트"	"9,500"
16	"줄눈닷컴 시공이 간편한 타일줄눈코팅제 바닥용 화이트 75g, 1개"	"7,710"
17	"리빙홈데코 타일 줄눈코팅제 (블루펄) 150g 욕실 보수 셀프시공, 1개"	"10,000"
18	"셀프줄눈마켓 벽면용 셀프 줄눈 코팅제 홀로그램골드 100g, 1세트"	"12,500"
19	"셀프줄눈마켓 벽면용 셀프 줄눈 코팅제 실버펄 100g, 1세트"	"11,500"
20	"셀프줄눈마켓 바닥용 타일 줄눈 코팅제 연골드 100g, 1세트"	"9,500"
21	"프라이드줄눈 셀프줄눈코팅제 벽및 변기테두리용, CL파스텔연금"	"10,700"
22	"셀프줄눈마켓 바닥용 타일 줄눈 코팅제 황금색 100g, 1세트"	"9,500"
23	"셀프줄눈마켓 바닥용 타일 줄눈 코팅제 화이트실버 45g, 1세트"	"5,500"
24	"셀프줄눈마켓 벽면용 셀프 줄눈 코팅제 화이트 100g + 마스킹테이프 + 헤라, 1세트"	"11,500"
25	"셀프줄눈마켓 벽면용 셀프 줄눈 코팅제 화이트 100g, 1세트"	"11,500"
26	"관리제 셀프시공 세차용품 왁스 자동세차 손세차 셀프세차 세차필수 매니아 VIP 딥샤인 유리막관리제 유리막코팅제 발수코팅제 광택제, 1개, 500ml"	"24,800"
27	"셀프줄눈마켓 벽면용 셀프 줄눈 코팅제 화이트펄 100g + 마스킹테이프 + 헤라, 1세트"	"15,500"
28	"셀프줄눈마켓 벽면용 셀프 줄눈 코팅제 화이트실버 100g + 마스킹테이프 + 헤라, 1세트"	"15,500"
29	"도매링크 타일 줄눈코팅제 레인보우펄 150g 욕실 보수 셀프시공, 1개"	"11,500"
30	KDB 줄눈셀프시공 타일줄눈(선) 반짝이 보수코팅제 금펄	"14,180"
31	"셀프줄눈마켓 벽면용 셀프 줄눈 코팅제 화이트펄 100g, 1세트"	"12,500"
32	"도매링크 타일 줄눈코팅제 홀로그램 금펄 150g 욕실 보수 셀프시공, 1개"	"11,500"
33	"셀프줄눈마켓 벽면용 셀프 줄눈 코팅제 골드펄 100g, 1세트"	"11,500"
34	"줄눈닷컴 타일 줄눈 코팅제 바닥용 실버펄, 1개"	"13,450"
35	"자두나무 줄눈 보수 공구 셀프 시공 용품, 선택03) 실리콘 오염제거용품 3종"	"13,000"
36	"줄눈닷컴 셀프 집 꾸미기 하프HaRP 줄눈코팅세트 벽면용, 실버, 80g"	"17,650"
37	1435219050 매직앤타일/타일줄눈코팅제/욕실바닥줄눈보수/셀프시공	"9,800"
38	"두꺼비 타일리폼 코팅제 타일 줄눈 보수제 방수 곰팡이 셀프줄눈시공, 1개"	"11,300"
39	KDB 줄눈셀프시공 타일줄눈(선) 보수코팅제 새롬이	"13,620"
40	"자두나무 줄눈 보수 공구 셀프 시공 용품, 선택02) 줄눈 공구용품 13종"	"13,000"
41	"자두나무 줄눈 보수 공구 셀프 시공 용품, 선택04) 헤라 1종"	"9,000"
42	"도매링크 타일 줄눈제거톱 욕실 셀프시공 줄눈칼, 1개"	"9,900"
43	"도매링크 타일줄눈 금펄 150g 욕실 보수 셀프시공, 1개"	"10,000"
44	"줄눈셀프시공 줄눈코팅제 타일매직 터치원 백색, 1개"	"10,200"
45	"바오바론 타일 줄눈 보수제 셀프 시공 욕실 보수 실리콘 보조제 코팅제 베란다, 1개"	"12,900"
46	"(리빙)마마손 타일 줄눈 보수제 타일줄눈코팅제/줄눈셀프시공/타일줄눈제거/욕실타일줄눈/화장실타일줄눈/타일보수제/타일줄눈마카, 단일 수량"	"15,310"
47	"타일줄눈보수제 펄코팅제 줄눈셀프시공 바닥용, 바닥용 금펄"	"12,900"
48	"온갖몰 줄눈셀프시공 타일줄눈(선) 반짝이 보수코팅제 금펄, 1개"	"9,000"
49	"도매링크 타일 줄눈제거드라이버 욕실 셀프시공, 1개"	"13,800"
50	"두꺼비 타일 리폼 코팅제 줄눈 보수 시공 청소 타일틈새 리폼코팅제 셀프시공, 1병"	"11,300"
51	"줄눈셀프시공 줄눈코팅제 타일매직 터치원 은펄, 1개"	"12,500"
52	"온갖몰 줄눈셀프시공 타일줄눈(선) 보수코팅제 새롬이, 1개"	"9,500"
53	"프라이드줄눈 셀프줄눈코팅제 바닥용 동펄, 1개"	"10,520"
54	"고급 셀프 타일줄눈 코팅제 바닥용 하프HaRP, 1세트, 135g, 허니골드"	"12,750"
55	액티라이프 타일선깔끔이(300g) 타일 줄눈 코팅제 셀프 시공	"6,800"
56	"프라이드줄눈 셀프줄눈코팅제 바닥용 CL파스텔연금, 1개"	"11,300"
57	"줄눈 코팅제 타일줄눈 셀프줄눈 셀프시공 욕실 타일 곰팡이, 깔끔이 줄눈 코팅제 200ml"	"11,000"
58	"온갖몰 줄눈셀프시공 줄눈코팅제 타일매직 터치원 은펄, 1개"	"11,400"
59	JSS&D 칼라줄눈 레인보우펄150g 줄눈코팅제 줄눈시공 욕실줄눈	"11,500"
60	"프라이드줄눈 셀프줄눈코팅제 벽및 변기테두리용, 은펄"	"9,500"
61	JSS&D 칼라줄눈 은펄150g 줄눈코팅제 줄눈시공 욕실줄눈	"10,000"
62	"셀프줄눈마켓 골드 욕조줄눈 200g 줄눈셀프시공, 연골드"	"22,000"
63	"프라이드줄눈 셀프줄눈코팅제 바닥용 CL파스텔브라운, 1개"	"11,300"
64	인쇼핑 줄눈셀프시공 화장실 곰팡이제거 타일박사	"39,800"
65	"프라이드줄눈 셀프줄눈코팅제 벽및 변기테두리용, CL파스텔바이올렛"	"10,700"
66	플루브 화이트라인 셀프 줄눈코팅제	"7,500"
67	"[강력] 타일줄눈제거기 _ 줄눈톱 욕실타일셀프시공 가능, 줄눈톱 1개입"	"8,500"
68	"프리미엄 셀프DIY줄눈코팅제 레지나S 바닥용 150g, 화이트실버"	"14,200"
69	"셀프줄눈마켓 바닥용 타일 줄눈 코팅제 화이트펄 45g, 1세트"	"5,500"
70	"프라이드줄눈 셀프줄눈코팅제 벽및 변기테두리용, CL파스텔브라운"	"10,700"
71	"셀프줄눈마켓 바닥용 타일 줄눈 코팅제 연그레이펄 100g, 1세트"	"11,000"
72	"줄눈닷컴 시공이 간편한 화이트진주펄 타일줄눈코팅제 테두리용 80g, 1개"	"16,050"
73	"셀프줄눈마켓 바닥용 타일 줄눈 코팅제 연골드 45g, 1세트"	"5,500"
74	"셀프줄눈마켓 바닥용 타일 줄눈 코팅제 홀로그램골드 45g, 1세트"	"5,500"
75	"프라이드줄눈 셀프줄눈코팅제 벽및 변기테두리용, 연금펄"	"9,500"
76	"줄눈닷컴 셀프 집 꾸미기 하프HaRP 줄눈코팅세트 벽면용, 펀브라운, 80g"	"20,000"
77	"줄눈닷컴 타일 줄눈 코팅제 바닥용 초코브라운, 1개"	"9,010"
78	"줄눈닷컴 초보를위한 셀프 타일줄눈 코팅제 테두리용 80g 화이트진주펄, 1세트"	"17,900"
79	"줄눈닷컴 초보를위한 셀프 타일줄눈 코팅제 벽면용 80g 소프트골드, 1세트"	"12,700"
80	"프라이드줄눈 셀프줄눈코팅제 벽및 변기테두리용, 동펄"	"9,500"
81	"줄눈닷컴 시공이 간편한 타일줄눈코팅제 화이트 테두리용 80g, 1개"	"16,050"
82	"줄눈닷컴 시공이 간편한 와인 타일줄눈코팅제 테두리용80g, 1개"	"14,570"
83	"줄눈닷컴 시공이 간편한 바이올렛 타일줄눈코팅제 테두리용80g, 1개"	"14,570"
84	"줄눈닷컴 시공이 간편한 비비드그린 타일줄눈코팅제 테두리용80g, 1개"	"14,570"
85	"프라이드줄눈 셀프줄눈코팅제 벽및 변기테두리용, 금펄"	"9,500"
86	"줄눈닷컴 시공이 간편한 골드브라운 타일줄눈코팅제 테두리용80g, 1개"	"14,570"
87	"줄눈닷컴 시공이 간편한 아쿠아블루 타일줄눈코팅제 테두리용80g, 1개"	"14,570"
88	"줄눈닷컴 시공이 간편한 레이디핑크 타일줄눈코팅제 테두리용80g, 1개"	"14,570"
89	"줄눈닷컴 시공이 간편한 초코브라운 타일줄눈코팅제 테두리용80g, 1개"	"14,570"
90	"프라이드줄눈 셀프줄눈코팅제 벽및 변기테두리용, CL화이트"	"10,700"
91	"줄눈닷컴 시공이 간편한 홀로그램실버펄 타일줄눈코팅제 테두리용80g, 1개"	"16,050"
92	"셀프줄눈마켓 벽면용 셀프 줄눈 코팅제 연골드 100g, 1세트"	"11,500"
93	"줄눈닷컴 셀프 집 꾸미기 하프HaRP 줄눈코팅세트 벽면용, 카키실버, 80g"	"20,000"
94	"프라이드줄눈 셀프줄눈코팅제 벽및 변기테두리용, CL브라이트골드"	"10,700"
95	"프라이드줄눈 셀프줄눈코팅제 벽및 변기테두리용, CL파스텔아쿠아"	"10,700"
96	"줄눈닷컴 셀프 집 꾸미기 하프HaRP 줄눈코팅세트 벽면용, 스카이블루, 80g"	"20,000"
97	"줄눈닷컴 셀프 집 꾸미기 하프HaRP 줄눈코팅세트 벽면용, 딥블루, 80g"	"20,000"
98	"줄눈닷컴 셀프 집 꾸미기 하프HaRP 줄눈코팅세트 벽면용, 크리미화이트, 80g"	"20,000"
99	"줄눈닷컴 셀프 집 꾸미기 하프HaRP 줄눈코팅세트 벽면용, 블루실버, 80g"	"20,000"
100	"줄눈닷컴 셀프 집 꾸미기 하프HaRP 줄눈코팅세트 벽면용, 스위트피치, 80g"	"20,000"
101	"줄눈닷컴 셀프 집 꾸미기 하프HaRP 줄눈코팅세트 벽면용, 에머랄드그린, 80g"	"20,000"
102	"줄눈닷컴 셀프 집 꾸미기 하프HaRP 줄눈코팅세트 벽면용, 카멜브라운, 80g"	"20,000"
103	"줄눈닷컴 셀프 집 꾸미기 하프HaRP 줄눈코팅세트 벽면용, 번트브라운, 80g"	"20,000"
104	"줄눈닷컴 시공이 간편한 홀로그램골드펄 타일줄눈코팅제 테두리용 80g, 1개"	"14,570"
105	"셀프줄눈마켓 벽면용 셀프 줄눈 코팅제 황금색 100g + 마스킹테이프 + 헤라, 1세트"	"14,500"
106	"셀프줄눈마켓 벽면용 셀프 줄눈 코팅제 황금색 100g, 1세트"	"11,500"
107	"줄눈닷컴 시공이 간편한 소프트골드 타일줄눈코팅제 테두리용80g, 1개"	"16,050"
108	"줄눈닷컴 셀프 집 꾸미기 하프HaRP 줄눈코팅세트 벽면용, 라벤더, 80g"	"17,650"
109	"줄눈닷컴 셀프 집 꾸미기 하프HaRP 줄눈코팅세트 벽면용, 스트로베리핑크, 80g"	"17,650"
110	"줄눈닷컴 셀프 집 꾸미기 하프HaRP 줄눈코팅세트 벽면용, 아몬드브라운, 80g"	"17,650"
111	"줄눈닷컴 셀프 집 꾸미기 하프HaRP 줄눈코팅세트 벽면용, 화이트스킨, 80g"	"17,650"
112	"셀프줄눈마켓 벽면용 셀프 줄눈 코팅제 홀로그램골드 100g + 마스킹테이프 + 헤라, 1세트"	"15,500"
113	"줄눈닷컴 시공이 간편한 골드펄 타일줄눈코팅제 테두리용80g, 1개"	"16,050"
114	"줄눈닷컴 타일줄눈코팅제 벽면용 80g 홀로그램 골드펄, 1개"	"15,500"
115	"셀프줄눈마켓 벽면용 셀프 줄눈 코팅제 골드펄 100g + 마스킹테이프 + 헤라, 1세트"	"14,500"
116	"셀프줄눈마켓 벽면용 셀프 줄눈 코팅제 연골드 100g + 마스킹테이프 + 헤라, 1세트"	"14,500"
117	"셀프줄눈마켓 바닥용 타일 줄눈 코팅제 연그레이 100g, 1세트"	"11,000"
118	"셀프줄눈마켓 바닥용 타일 줄눈 코팅제 그레이펄 100g, 1세트"	"11,000"
119	"줄눈닷컴 시공이 간편한 실버펄 타일줄눈코팅제 테두리용80g, 1개"	"16,050"
120	"줄눈닷컴 셀프 집 꾸미기 하프HaRP 줄눈코팅세트 바닥용, 스트로베리핑크, 70g"	"10,400"
121	"줄눈닷컴 셀프 집 꾸미기 하프HaRP 줄눈코팅세트 바닥용, 올리브그린, 135g"	"16,750"
122	"줄눈닷컴 셀프 집 꾸미기 하프HaRP 줄눈코팅세트 바닥용, 화이트스킨, 70g"	"13,000"
123	"줄눈닷컴 셀프 집 꾸미기 하프HaRP 줄눈코팅세트 바닥용, 아몬드브라운, 135g"	"14,500"
124	"줄눈닷컴 셀프 집 꾸미기 하프HaRP 줄눈코팅세트 바닥용, 카키실버, 70g"	"13,000"
125	"줄눈닷컴 셀프 집 꾸미기 하프HaRP 줄눈코팅세트 바닥용, 에머랄드그린, 70g"	"13,000"
126	"줄눈닷컴 셀프 집 꾸미기 하프HaRP 줄눈코팅세트 바닥용, 번트브라운, 70g"	"13,000"
127	"줄눈닷컴 셀프 집 꾸미기 하프HaRP 줄눈코팅세트 바닥용, 펀브라운, 70g"	"13,000"
128	"줄눈닷컴 셀프 집 꾸미기 하프HaRP 줄눈코팅세트 바닥용, 라벤더, 70g"	"13,000"
129	"줄눈닷컴 셀프 집 꾸미기 하프HaRP 줄눈코팅세트 바닥용, 딥블루, 70g"	"13,000"
130	"줄눈닷컴 셀프 집 꾸미기 하프HaRP 줄눈코팅세트 바닥용, 아몬드브라운, 70g"	"13,000"
131	"줄눈닷컴 셀프 집 꾸미기 하프HaRP 줄눈코팅세트 바닥용, 카멜브라운, 70g"	"13,000"
132	"줄눈닷컴 셀프 집 꾸미기 하프HaRP 줄눈코팅세트 바닥용, 라벤더, 135g"	"14,500"
133	"줄눈닷컴 셀프 집 꾸미기 하프HaRP 줄눈코팅세트 바닥용, 스위트피치, 70g"	"13,000"
134	"줄눈닷컴 셀프 집 꾸미기 하프HaRP 줄눈코팅세트 바닥용, 블루실버, 70g"	"12,750"
135	"줄눈닷컴 셀프 집 꾸미기 하프HaRP 줄눈코팅세트 바닥용, 실버, 70g"	"12,750"
136	"줄눈닷컴 셀프 집 꾸미기 하프HaRP 줄눈코팅세트 바닥용, 허니골드, 70g"	"12,750"
137	"줄눈닷컴 셀프 집 꾸미기 하프HaRP 줄눈코팅세트 바닥용, 차콜실버, 70g"	"12,750"
138	"줄눈닷컴 셀프 집 꾸미기 하프HaRP 줄눈코팅세트 바닥용, 스카이블루, 70g"	"12,750"
139	인스클리닉 DIY셀프 줄눈코팅제 벽및 변기테두리용 90g CL파스텔실버	"12,000"
140	"줄눈닷컴 셀프 집 꾸미기 하프HaRP 줄눈코팅세트 바닥용, 블루실버, 135g"	"16,750"
141	"줄눈닷컴 셀프 집 꾸미기 하프HaRP 줄눈코팅세트 바닥용, 카멜브라운, 135g"	"16,750"
142	"줄눈닷컴 셀프 집 꾸미기 하프HaRP 줄눈코팅세트 바닥용, 에머랄드그린, 135g"	"16,750"
143	"줄눈닷컴 셀프 집 꾸미기 하프HaRP 줄눈코팅세트 바닥용, 화이트스킨, 135g"	"18,000"
144	"줄눈닷컴 셀프 집 꾸미기 하프HaRP 줄눈코팅세트 바닥용, 화이트스킨, 135g"	"18,000"
145	"줄눈닷컴 셀프 집 꾸미기 하프HaRP 줄눈코팅세트 바닥용, 스위트피치, 135g"	"18,000"
146	"줄눈닷컴 셀프 집 꾸미기 하프HaRP 줄눈코팅세트 바닥용, 번트브라운, 135g"	"18,000"
147	"줄눈닷컴 셀프 집 꾸미기 하프HaRP 줄눈코팅세트 바닥용, 딥블루, 135g"	"18,000"
148	"줄눈닷컴 셀프 집 꾸미기 하프HaRP 줄눈코팅세트 바닥용, 스카이블루, 135g"	"18,000"
149	"줄눈닷컴 셀프 집 꾸미기 하프HaRP 줄눈코팅세트 바닥용, 크리미화이트, 135g"	"16,750"
150	"줄눈닷컴 셀프 집 꾸미기 하프HaRP 줄눈코팅세트 바닥용, 실버, 135g"	"16,750"
151	"줄눈닷컴 셀프 집 꾸미기 하프HaRP 줄눈코팅세트 바닥용, 스트로베리핑크, 135g"	"16,750"
152	"줄눈닷컴 셀프 집 꾸미기 하프HaRP 줄눈코팅세트 바닥용, 차콜실버, 135g"	"16,750"
153	"타일줄눈 욕실타일보수제 줄눈코팅제 제거기 셀프시공, 줄눈제거도구_줄눈제거드라이버"	"15,820"
154	"줄눈닷컴 셀프 집 꾸미기 하프HaRP 줄눈코팅세트 테두리용, 화이트스킨, 80g"	"17,650"
155	"줄눈닷컴 셀프 집 꾸미기 하프HaRP 줄눈코팅세트 테두리용, 스위트피치, 80g"	"20,000"
156	"줄눈닷컴 셀프 집 꾸미기 하프HaRP 줄눈코팅세트 테두리용, 실버 카키, 80g"	"20,000"
157	"줄눈닷컴 셀프 집 꾸미기 하프HaRP 줄눈코팅세트 테두리용, 스카이블루, 80g"	"20,000"
158	"줄눈닷컴 셀프 집 꾸미기 하프HaRP 줄눈코팅세트 테두리용, 실버 블루, 80g"	"20,000"
159	"줄눈닷컴 셀프 집 꾸미기 하프HaRP 줄눈코팅세트 테두리용, 번트브라운, 80g"	"20,000"
160	"줄눈닷컴 셀프 집 꾸미기 하프HaRP 줄눈코팅세트 테두리용, 에머랄드그린, 80g"	"20,000"
161	"줄눈닷컴 셀프 집 꾸미기 하프HaRP 줄눈코팅세트 테두리용, 아몬드브라운, 80g"	"20,000"
162	"줄눈닷컴 셀프 집 꾸미기 하프HaRP 줄눈코팅세트 테두리용, 딥블루, 80g"	"20,000"
163	"줄눈닷컴 셀프 집 꾸미기 하프HaRP 줄눈코팅세트 테두리용, 카멜브라운, 80g"	"20,000"
164	"줄눈닷컴 셀프 집 꾸미기 하프HaRP 줄눈코팅세트 테두리용, 라벤더, 80g"	"20,000"
165	"줄눈닷컴 셀프 집 꾸미기 하프HaRP 줄눈코팅세트 테두리용, 스트로베리핑크, 80g"	"16,750"
166	"줄눈닷컴 셀프 집 꾸미기 하프HaRP 줄눈코팅세트 테두리용, 올리브그린, 80g"	"17,650"
167	"줄눈닷컴 셀프 집 꾸미기 하프HaRP 줄눈코팅세트 테두리용, 차콜실버, 80g"	"16,750"
168	"줄눈닷컴 셀프 집 꾸미기 하프HaRP 줄눈코팅세트 테두리용, 크리미화이트, 80g"	"17,650"
169	"줄눈닷컴 셀프 집 꾸미기 하프HaRP 줄눈코팅세트 테두리용, 실버, 80g"	"17,650"
170	"줄눈닷컴 셀프 집 꾸미기 하프HaRP 줄눈코팅세트 테두리용, 허니골드, 80g"	"17,650"
171	"줄눈닷컴 타일틈새 메꾸미 100g, 4개"	"9,190"
172	"에바글라스/유리막코팅/120ml/4대/국산/10분시공/셀프, 1개, 120ml"	"40,000"
173	홈앤타일 타일줄눈코팅제 타일리폼코팅제 셀프줄눈시공 코팅제-실버펄	"8,300"
174	코팅제타일타일줄눈마카cxxabvx 9065욕실셀프시공틈새타일청소줄눈10개보수제	"52,340"
175	"셀프줄눈마켓 실버반짝이 100g 셀프줄눈 바닥용 (메꿈제 포함), 1세트"	"8,500"
176	홈앤타일 타일줄눈코팅제 타일리폼코팅제 셀프줄눈시공 코팅제-홀로그램 실버	"8,900"
177	칸 포켓헤라 DIY 셀프줄눈 공구 줄눈코팅제거	"6,600"
178	홈앤타일 타일줄눈코팅제 타일리폼코팅제 셀프줄눈시공 코팅제-골드홀로그램	"8,900"
179	홈앤타일 타일줄눈코팅제 타일리폼코팅제 셀프줄눈시공 코팅제-그레이색상	"8,300"
180	홈앤타일 타일줄눈코팅제 타일리폼코팅제 셀프줄눈시공 코팅제-블랙펄	"8,300"
181	홈앤타일 타일줄눈코팅제 타일리폼코팅제 셀프줄눈시공 코팅제-옐로우펄	"8,900"
182	홈앤타일 타일줄눈코팅제 타일리폼코팅제 셀프줄눈시공 코팅제-라이트바이올렛	"8,300"
183	홈앤타일 타일줄눈코팅제 타일리폼코팅제 셀프줄눈시공 코팅제-홀로그램그레이	"8,900"
184	홈앤타일 타일줄눈코팅제 타일리폼코팅제 셀프줄눈시공 코팅제-카키펄	"8,300"
185	홈앤타일 타일줄눈코팅제 타일리폼코팅제 셀프줄눈시공 코팅제-올리브펄	"8,300"
186	홈앤타일 타일줄눈코팅제 타일리폼코팅제 셀프줄눈시공 코팅제-멀티홀로그램	"8,900"
187	홈앤타일 타일줄눈코팅제 타일리폼코팅제 셀프줄눈시공 코팅제-그린펄	"8,300"
188	홈앤타일 타일줄눈코팅제 타일리폼코팅제 셀프줄눈시공 코팅제-골드펄	"8,300"
189	홈앤타일 타일줄눈코팅제 타일리폼코팅제 셀프줄눈시공 코팅제-화이트	"7,300"
190	홈앤타일 타일줄눈코팅제 타일리폼코팅제 셀프줄눈시공 코팅제-화이트홀로그램	"8,900"
191	홈앤타일 타일줄눈코팅제 타일리폼코팅제 셀프줄눈시공 코팅제-핑크펄	"8,300"
192	홈앤타일 타일줄눈코팅제 타일리폼코팅제 셀프줄눈시공 코팅제-라이트브라운펄	"8,300"
193	홈앤타일 타일줄눈코팅제 타일리폼코팅제 셀프줄눈시공 코팅제-블루펄	"8,300"
194	"나노코팅 글라스엠 유리용 코팅제, 1개"	"23,000"
195	"화이트타일줄눈 타일마카-셀프시공 줄눈 타일보수제, 타일마카"	"4,920"
196	"줄눈닷컴 초보를위한 셀프 타일줄눈 코팅제 벽면용 80g 실버펄, 1세트"	"15,400"
197	"[줄눈닷컴] 셀프 타일줄눈코팅제 바닥용 75g 6가지 색상, 02.  줄눈제거 화이트진주펄 75g"	"14,900"
198	"줄눈닷컴 초보를위한 셀프 타일줄눈 코팅제 벽면용 80g 골드펄, 1세트"	"15,400"
199	프리미엄 유리막코팅제 SI-14 발수코팅 광택	"39,000"
200	나노코팅 글라스엠 욕조용코팅제	"26,000"
201	"줄눈닷컴 초보를위한 셀프 타일줄눈 코팅제 벽면용 80g 화이트, 1세트"	"15,400"
202	"줄눈닷컴 초보를위한 셀프 타일줄눈 코팅제 테두리용 80g 홀로그램실버펄, 1세트"	"16,200"
203	"줄눈닷컴 초보를위한 셀프 타일줄눈 코팅제 벽면용 80g 아쿠아블루, 1세트"	"15,700"
204	"줄눈닷컴 초보를위한 셀프 타일줄눈 코팅제 벽면용 80g 바이올렛, 1세트"	"15,700"
205	"셀프줄눈마켓 화이트펄 바닥용100g 셀프줄눈코팅제 (메꿈제 포함), 1세트"	"9,500"
206	플루브 타일라인 줄눈코팅제 바닥용 화이트 120g	"9,900"
207	싱크대상판코팅 인조대리석용	"37,000"
208	플루브 타일라인 셀프 줄눈코팅제 바닥용 75g 싷버	"7,400"
209	"줄눈닷컴 초보를위한 셀프 타일줄눈 코팅제 바닥용 75g 아쿠아블루, 1세트"	"8,600"
210	"줄눈닷컴 타일 줄눈 코팅제 바닥용 홀로그램 골드펄, 1개"	"12,200"
211	"고급 셀프 타일줄눈 코팅제 바닥용 하프HaRP, 1세트, 135g, 크리미화이트"	"15,700"
212	"셀프줄눈시공 타일줄눈세트 바닥용 150g 레지나M, 연한골드(2109)"	"9,900"
213	"셀프줄눈마켓 욕실바닥1곳세트 줄눈코팅제, 홀로그램골드"	"45,000"
214	"줄눈닷컴 초보를위한 셀프 타일줄눈 코팅제 바닥용 150g 홀로그램골드펄, 1세트"	"12,800"
215	"셀프줄눈마켓 줄눈제 1kg 바닥용 셀프줄눈코팅제, 1세트"	"43,000"
216	"셀프줄눈마켓 욕실바닥2곳세트 줄눈코팅제, 홀로그램실버"	"67,000"
217	BH 엑스카즈믹 셀프 WGC 유리막 발수코팅제	"53,900"
218	"줄눈닷컴 타일 줄눈 코팅제 바닥용 비비드그린, 1개"	"9,010"
219	"고급 셀프 타일줄눈 코팅제 바닥용 하프HaRP, 1세트, 135g, 올리브그린"	"15,700"
220	"고급 셀프 타일줄눈 코팅제 바닥용 하프HaRP, 1세트, 70g, 실버"	"11,700"
221	"고급 셀프 타일줄눈 코팅제 바닥용 하프HaRP, 1세트, 135g, 아몬드브라운"	"15,700"
222	"줄눈닷컴 타일줄눈코팅제 바닥용 150g 골드브라운, 1개"	"12,550"
223	"셀프줄눈마켓 실버펄 욕조용200g 줄눈시공, 1세트"	"22,000"
224	"줄눈닷컴 타일 줄눈 코팅제 바닥용 소프트골드, 1개"	"12,550"
225	"줄눈닷컴 초보를위한 셀프 타일줄눈 코팅제 바닥용 150g 소프트골드, 1세트"	"11,800"
226	"줄눈닷컴 타일줄눈코팅제 벽면용 80g 홀로그램 실버펄, 1개"	"14,820"
227	"줄눈닷컴 타일줄눈코팅제 벽면용80g 골드브라운, 1개"	"14,660"
228	"줄눈닷컴 초보를위한 셀프 타일줄눈 코팅제 테두리용 80g 아쿠아블루, 1세트"	"12,700"
229	"줄눈닷컴 초보를위한 셀프 타일줄눈 코팅제 테두리용 80g 화이트, 1세트"	"15,400"
230	"고급 셀프 타일줄눈 코팅제 테두리용 80g 하프HaRP 허니골드, 1세트"	"16,600"
231	"고급 셀프 타일줄눈 코팅제 테두리용 80g 하프HaRP 스트로베리핑크, 1세트"	"16,600"
232	"고급 셀프 타일줄눈 코팅제 테두리용 80g 하프HaRP 실버, 1세트"	"16,600"
233	"고급 셀프 타일줄눈 코팅제 테두리용 80g 하프HaRP 크리미화이트, 1세트"	"16,600"
234	"고급 셀프 타일줄눈 코팅제 테두리용 80g 하프HaRP 올리브그린, 1세트"	"16,600"
235	"고급 셀프 타일줄눈 코팅제 벽면용 80g 하프HaRP 아몬드브라운, 1세트"	"16,600"
236	"줄눈닷컴 타일줄눈코팅제 벽면용80g 와인, 1개"	"14,150"
237	"줄눈닷컴 타일 줄눈 코팅제 바닥용 바이올렛 150g, 1개"	"11,800"
238	JSS&D 칼라줄눈 은펄홀로그램150g 줄눈코팅제 줄눈시공 욕실줄눈	"11,500"
239	"줄눈닷컴 타일줄 눈코팅제 화이트진주펄 80g, 1개"	"18,000"
240	"줄눈닷컴 타일줄눈코팅제 벽면용 80g 아쿠아블루, 1개"	"14,660"
241	"나노클린 프리미엄패키지 셀프나노코팅제, 1세트"	"129,000"
242	"줄눈닷컴 타일 줄눈 코팅제 바닥용 아쿠아블루, 1개"	"13,150"
243	"줄눈닷컴 초보를위한 셀프 타일줄눈 코팅제 테두리용 80g 차콜그레이, 1세트"	"16,600"
244	"줄눈닷컴 타일 줄눈 코팅제 바닥용 레이디핑크 150g, 1개"	"13,150"
245	"줄눈닷컴 타일 줄눈 코팅제 바닥용 와인, 1개"	"11,300"
246	"줄눈닷컴 타일줄눈코팅제 벽면용80g 레이디핑크, 1개"	"17,050"
247	"줄눈닷컴 타일줄눈코팅제 벽면용80g 바이올렛, 1개"	"15,000"
248	"퍼즐마니아 바닥용 타일 줄눈 코팅제 75g 아쿠아블루, 1개"	"7,710"
249	"줄눈닷컴 타일줄눈코팅제 골드펄 80g, 1개"	"14,800"
250	"줄눈닷컴 타일줄눈코팅제 벽면용80g 비비드그린, 1개"	"17,050"
251	"줄눈닷컴 타일줄눈코팅제 실버펄 80g, 1개"	"15,940"
252	JSS&D 칼라줄눈 블루펄150g 줄눈코팅제 줄눈시공 욕실줄눈	"10,000"
253	"줄눈닷컴 타일줄눈코팅제 벽면용80g 소프트골드, 1개"	"17,050"
254	"줄눈닷컴 타일줄눈코팅제 벽면용80g 초코브라운, 1개"	"17,050"
255	인스클리닉 DIY셀프 줄눈코팅제 바닥용 150g 은펄	"8,500"
256	인스클리닉 DIY셀프 줄눈코팅제 벽및 변기 욕조 테두리용 120g 은펄	"9,800"
257	인스클리닉 DIY셀프 줄눈코팅제 벽및 변기 욕조 테두리용 120g 화이트	"9,800"
258	인스클리닉 DIY셀프 줄눈코팅제 바닥용 150g 금홀로그램	"10,500"
259	"줄눈닷컴 타일줄눈 코팅제 화이트 80g, 1개"	"14,240"
260	인스클리닉 DIY셀프 줄눈코팅제 바닥용 150g 은홀로그램	"10,500"
261	인스클리닉 DIY셀프 줄눈코팅제 벽및 변기 욕조 테두리용 120g 연금펄	"9,800"
262	JSS&D 칼라줄눈 금펄150g 줄눈코팅제 줄눈시공 욕실줄눈	"10,000"
263	칸 DIY 셀프 바닥용 줄눈코팅제 150g	"9,900"
264	인스클리닉 DIY셀프 줄눈코팅제 벽및 변기 욕조 테두리용 120g CL파스텔바이올렛	"13,500"
265	인스클리닉 DIY셀프 줄눈코팅제 벽및 변기 욕조 테두리용 120g 금홀로그램	"12,000"
266	JSS&D 칼라줄눈 금펄홀로그램150g 줄눈코팅제 줄눈시공 욕실줄눈	"11,500"
267	인스클리닉 DIY셀프 줄눈코팅제 벽및 변기 욕조 테두리용 120g CL라이트골드	"13,500"
268	인스클리닉 DIY셀프 줄눈코팅제 벽및 변기 욕조 테두리용 120g CL파스텔실버	"13,500"
269	인스클리닉 DIY셀프 줄눈코팅제 벽및 변기 욕조 테두리용 120g CL파스텔아쿠아	"13,500"
270	인스클리닉 DIY셀프 줄눈코팅제 벽및 변기 욕조 테두리용 120g CL화이트	"13,500"
271	인스클리닉 DIY셀프 줄눈코팅제 벽및 변기테두리용 90g CL화이트	"12,000"
272	인스클리닉 DIY셀프 줄눈코팅제 바닥용 150g CL파스텔실버	"12,000"
273	인스클리닉 DIY셀프 줄눈코팅제 벽및 변기 욕조 테두리용 120g 은홀로그램	"12,000"
274	인스클리닉 DIY셀프 줄눈코팅제 벽및 변기테두리용 90g CL파스텔아쿠아	"11,300"
275	인스클리닉 DIY셀프 줄눈코팅제 바닥용 150g CL라이트골드	"11,300"
276	인스클리닉 DIY셀프 줄눈코팅제 바닥용 150g CL파스텔브라운	"11,300"
277	인스클리닉 DIY셀프타일 줄눈코팅제 바닥용 150g CL파스텔바이올렛	"11,300"
278	인스클리닉 DIY셀프타일 줄눈코팅제 바닥용 150g CL파스텔연금	"11,300"
279	"퍼즐마니아 바닥용 타일 줄눈 코팅제 75g 비비드그린, 1개"	"7,710"
280	인스클리닉 DIY셀프 줄눈코팅제 바닥용 150g 화이트	"8,500"
281	인스클리닉 DIY셀프 줄눈코팅제 벽및 변기테두리용 90g 화이트	"8,500"
282	인스클리닉 DIY셀프 줄눈코팅제 벽및 변기테두리용 90g 은펄	"8,500"
283	인스클리닉 DIY셀프 줄눈코팅제 벽및 변기테두리용 90g 연금펄	"8,500"
284	"당일접수lqz1796 타일줄눈보수제 타일줄눈 타일줄눈제거기 타일줄눈마가 제거기-타일 줄눈 줄눈시공 곰팡이제거제 욕실곰팡이제거제 줄눈셀프시공 타일줄눈코팅제 줄눈제거, 줄눈제거드라이버"	"20,830"
285	칸 DIY 셀프 바닥용 줄눈코팅제 150g	"15,000"
286	인스클리닉 DIY셀프 줄눈코팅제 벽및 변기테두리용 90g 동펄	"9,500"
287	인스클리닉 DIY셀프 줄눈코팅제 바닥용 150g 연금펄	"9,500"
288	인스클리닉 DIY셀프 줄눈코팅제 바닥용 150g 동펄	"9,500"
289	"프리미엄 셀프DIY줄눈코팅제 레지나S 바닥용 80, NEW 레지나 샌드스톤 아이보리 (3월기간한정할인판매)"	"9,300"
290	"프리미엄 셀프DIY줄눈코팅제 레지나S 바닥용 80, NEW 레지나 크리스탈 다크그레이 (3월기간한정할인판매)"	"9,300"
291	"프리미엄 셀프DIY줄눈코팅제 레지나S 바닥용 80, NEW 레지나 축광 (3월기간한정할인판매)"	"9,300"
292	"프리미엄 셀프DIY줄눈코팅제 레지나S 바닥용 80, NEW 레지나 크리스탈 로즈골드 (3월기간한정할인판매)"	"9,300"
293	"프리미엄 셀프DIY줄눈코팅제 레지나S 바닥용 80, NEW 레지나 샌드스톤 화이트 (3월기간한정할인판매)"	"9,300"
294	OCI427295 간편시공 SI-14 유리막코팅제 에코엠엔씨	"55,290"
295	인스클리닉 DIY셀프타일 줄눈코팅제 벽및 변기테두리용 90g 은홀로그램	"11,000"
296	인스클리닉 DIY셀프 줄눈코팅제 벽및 변기테두리용 90g 금홀로그램	"11,000"
297	칸 셀프줄눈 바닥용 150g 은펄	"8,500"
298	러스티노 주방싱크대상판 대리석코팅제	"38,000"
299	유리막코팅 글라스엠 목재용코팅제	"26,000"
300	칸 셀프줄눈 바닥용 150g 금펄	"8,500"
301	싱크대상판코팅 (전문가용)-인조대리석코팅	"34,900"
302	칸 셀프줄눈 바닥용 150g 화이트	"8,500"
303	"줄눈닷컴 프라임 타일코팅제, 단품, 140ml"	"18,600"
304	칸 셀프줄눈 바닥용 150g 은홀로그램	"10,500"
305	유리막코팅 글라스엠 미끄럼방지용코팅제	"38,000"
306	칸 셀프줄눈 바닥용 150g 동펄	"9,500"
307	칸 셀프줄눈 바닥용 150g CL파스텔브라운	"11,300"
308	칸 셀프줄눈 바닥용 150g CL라이트골드	"11,300"
309	칸 셀프줄눈 바닥용 150g CL파스텔아쿠아	"11,300"
310	칸 셀프줄눈 바닥용 150g CL파스텔바이올렛	"11,300"
311	칸 실리콘제거기 DIY 셀프줄눈 공구 줄눈보수	"4,400"
312	칸 셀프줄눈 바닥용 150g CL파스텔실버	"11,300"
313	"홈앤타일 타일 줄눈 코팅제, 변기테두리용 실버펄"	"10,900"
314	"아카시아리빙 더 히트 줄눈 시공 셀프 코팅, 3M방수코팅제"	"13,250"
315	"예홈 씽크대 모서리 줄눈 타일 오염방지 주방 투명 시트지, 1개"	"7,900"
316	"유리막코팅 글라스엠 바닥타일용 코팅제, 무색광, 1세트"	"37,000"
317	KDB 성신툴 간편시공 셀프 줄눈제거기	"23,710"
318	리빙포유 타일선새롬이 줄눈코팅제	"12,000"
319	플루브 타일라인 셀프줄눈 바닥용 홀로그램실버 75g	"7,400"
320	플루브 타일라인 줄눈 코팅제 바닥용 150g 실버	"9,900"
321	플루브 타일라인 타일줄눈코팅제 바닥용 75g 골드	"7,400"
322	"플루브 DIY 타일줄눈코팅제 골드 150g 타일 줄눈 보수제, 1개"	"9,700"
323	플루브 타일라인 셀프줄눈 바닥용 150g 홀로그램골드	"9,900"
324	플루브 타일라인 줄눈코팅제 바닥용 골드 150g	"9,900"
325	"줄눈닷컴 바닥용 타일 줄눈 코팅제, 1세트, 차콜그레이"	"8,600"
326	칸 셀프 타일코팅 주방벽 욕실벽 사용가능	"16,500"
327	나노코팅 글라스엠 세라믹용 코팅제	"27,000"
328	"벽면용 타일줄눈 BB크림_ 700g 초대용량 흘러내림없는벽면시공용 신제품, BB크림 1개입"	"19,500"
329	"타일줄눈 반짝이 은색 국산 줄눈코팅제, 1개"	"9,400"
330	"타일줄눈 반짝이 금색 국산 줄눈코팅제, 1개"	"9,400"
331	기온쿼츠 안티포그 Q2 120ml 간편한시공의 김서림방지코팅제	"19,000"
332	"줄눈닷컴 타일줄눈 코팅제 바닥용 75g, 1세트"	"11,800"
333	"줄눈닷컴 그레이 타일줄눈 코팅제, 1개"	"11,800"
334	나노코팅 글라스엠 벽타일용 코팅제	"27,000"
335	칸 실리콘파워 젤타입 (2개입) 전처리제 DIY 셀프줄눈 공구	"3,000"
336	"홈앤타일 타일 줄눈 코팅제, 카키펄"	"8,300"
337	세븐하우스 타일리폼코팅제/타일줄눈/특수타일코팅	"9,900"
338	"셀프줄눈마켓 수직제1kg 줄눈제 벽면 변기 욕조 씽크볼용, 1세트"	"55,000"
339	플루브 타일라인 타일줄눈 바닥용 150g 홀로그램실버	"9,900"
340	칸 줄눈코팅 벽및 변기 욕조테두리용 120g 은펄	"9,800"
341	"타일줄눈 반짝이 은색 줄눈코팅제, 1개"	"9,300"
342	"호엠코리아 두꺼비 타일 리폼 코팅제, 1개"	"9,900"
343	"KPL383447 타일줄눈 금은색 타일선 반짝이 보수코팅제, 은펄세트"	"8,250"
344	"JSS&D 미다시 화이트 줄눈코팅제, 1개"	"9,000"
345	칸 셀프 타일코팅세트 주방벽 욕실벽 사용가능 (롤러세트 알콜포함)	"26,000"
346	"국산 페인트 외부 코팅제 아크릴 건물 상도 T3B 4L, 본상품선택"	"56,900"
347	"제이월드 펄줄눈제 타일코팅제 은색 펄줄눈+줄눈제거기, 1세트"	"22,400"
348	칸 줄눈코팅 벽및 변기테두리용 90g 은펄	"8,500"
349	"유동형간편시공셀프줄눈줄눈제거기드라이버겸용 날쿤 Wvs+914 줄눈제거, 단품"	"21,810"
350	칸 줄눈코팅 벽및 변기 욕조테두리용 120g 화이트	"9,800"
351	잡화다식 대용량280ml 타일 줄눈 보수제	"7,900"
352	[홈쇼핑] 두꺼비특수타일코팅제 8종 풀세트	"39,800"
353	칸 줄눈톱 DIY 셀프줄눈 공구 백시멘트제거	"5,500"
354	"바닥재 방수코팅제 미다시방수제 U8921.gs145650 타일줄눈보수제 방수제 시공재 욕실용품 타일보수 줄눈코팅제 가정잡화방수제 타일줄눈, 현제품"	"17,840"
355	칸 셀프 바닥용 타일줄눈코팅 루나 라이트 브라운 (손쉬운 초보자용 셀프줄눈)	"15,500"
356	"둥지줄눈 바닥용 타일줄눈 코팅제, 08.레인보우 실버64"	"8,500"
357	"고어킹 발수코팅 발수제 발수코팅제 섬유코팅제 신발코팅제 섬유탈취, 1통, 300ml"	"19,800"
358	SWCHEM 타일 줄눈 보수제 욕실 코팅제 줄눈제	"4,100"
359	"타일 BB크림+타일선 새롬이 총 2개 벽면 바닥 줄눈코팅제, 1개"	"23,800"
